<?xml version="1.0" encoding="utf-8"?>
<extension version="3.0" type="plugin" group="content" method="upgrade">
	<name>plg_content_tags_testimonials</name>
	<creationDate>January 2011</creationDate>
    <author>JoomPlace Team</author>
    <authorEmail>support@joomplace.com</authorEmail>
    <authorUrl>www.joomplace.com</authorUrl>
    <copyright>(C) JoomPlace, www.joomplace.com</copyright>
    <license>GNU/GPL http://www.gnu.org/copyleft/gpl.html</license>
    <version>1.7.1 (build 004)</version>
	<description>PLG_CONTENT_TAGS_TESTIMONIALS_XML_DESCRIPTION</description>
	<files>
		<filename plugin="tags_testimonial">tags_testimonial.php</filename>
		<filename>index.html</filename>
	</files>
	<languages folder="language">
		<language tag="en-GB">en-GB/en-GB.plg_content_tags_testimonial.ini</language>
		<language tag="en-GB">en-GB/en-GB.plg_content_tags_testimonial.sys.ini</language>
		<language tag="sv-SE">en-GB/sv-SE.plg_content_tags_testimonial.ini</language>
		<language tag="it-IT">en-GB/it-IT.plg_content_tags_testimonial.sys.ini</language>
		<language tag="it-IT">en-GB/it-IT.plg_content_tags_testimonial.ini</language>
		<language tag="de-DE">en-GB/de-DE.plg_content_tags_testimonial.sys.ini</language>
		<language tag="de-DE">en-GB/de-DE.plg_content_tags_testimonial.ini</language>
	</languages>

	<config>
		<fields name="params">
			<fieldset name="basic" addfieldpath="/administrator/components/com_testimonials/models/fields">
				<field name="template" type="templates"
					description="PLG_CONTENT_TAGS_TESTIMONIALS_LABEL_TEMPLATE_DESC"
					label="PLG_CONTENT_TAGS_TESTIMONIALS_LABEL_TEMPLATE"
				/>
			</fieldset>
		</fields>
	</config>
</extension>