<?xml version="1.0" encoding="utf-8"?>
<extension version="3.0" type="plugin" group="editors-xtd" method="upgrade">
	<name>plg_editors-xtd_testimonial</name>
	<creationDate>January 2011</creationDate>
	<author>Joomplace Team</author>
    <authorEmail>support@joomplace.com</authorEmail>
    <authorUrl>www.joomplace.com</authorUrl>
    <copyright>(C) JoomPlace, www.joomplace.com</copyright>
    <license>GNU/GPL http://www.gnu.org/copyleft/gpl.html</license>
    <version>1.7.1 (build 004)</version>
	<description>PLG_TESTIMONIAL_XML_DESCRIPTION</description>
	<files>
		<filename plugin="testimonial">testimonial.php</filename>
		<filename>index.html</filename>
	</files>
	   <languages>
		<language tag="en-GB">language/en-GB/en-GB.plg_editors-xtd_testimonial.sys.ini</language>
		<language tag="en-GB">language/en-GB/en-GB.plg_editors-xtd_testimonial.ini</language>
		<language tag="sv-SE">language/en-GB/sv-SE.plg_editors-xtd_testimonial.ini</language>
		<language tag="it-IT">language/en-GB/it-IT.plg_editors-xtd_testimonial.sys.ini</language>
		<language tag="it-IT">language/en-GB/it-IT.plg_editors-xtd_testimonial.ini</language>
		<language tag="de-DE">language/en-GB/de-DE.plg_editors-xtd_testimonial.sys.ini</language>
		<language tag="de-DE">language/en-GB/de-DE.plg_editors-xtd_testimonial.ini</language>
	</languages>
</extension>
