<?xml version="1.0" encoding="utf-8"?>
<extension type="module" version="3.0.0" method="upgrade">
	<name>JoomlaLMS Menu</name>
	<author>JoomlaLMS Team</author>
	<creationDate>February 2012</creationDate>
	<copyright>Copyright (C) 2006 - 2012 JoomlaLMS. All rights reserved.</copyright>
	<license>http://www.joomlalms.com/disclaimer-license-agreement.html</license>
	<authorEmail>support@joomlalms.com</authorEmail>
	<authorUrl>www.joomlalms.com</authorUrl>
	<version>1.3.0</version>
	<description>MOD_JLMS_MENU_DESC</description>
	<files>		
		<filename module="mod_jlms_menu">mod_jlms_menu.php</filename>
		<filename>mod_jlms_menu.xml</filename>
		<filename>index.html</filename>
		<folder>language</folder>
		<folder>imgs</folder>
	</files>	
	<config>
		<fields name="params">
			<fieldset name="basic">
				<field
					name="class_sfx"
					type="text"					
					default=""			
					label="Menu Class Suffix"
					description="A suffix to be applied to the css class of the menu items" >					
				</field>
				<field
					name="moduleclass_sfx"
					type="text"					
					default=""			
					label="Module Class Suffix"
					description="A suffix to be applied to the css class of the module (table.moduletable), this allows individual module styling" >			
				</field>
				<field
					name="@spacer"
					type="spacer"					
					default=""			
					label="">										
				</field>				
				<field
					name="menu_style"
					type="list"					
					default="list"
					size="10"
					label="Menu Style"
					description="The menu style" >
					<option value="list">List</option>
					<option value="vert_indent">Legacy - Vertical</option>
					<option value="horiz_flat">Legacy - Horizontal</option>
					<option value="list_flat">Legacy - Flat List</option>									
				</field>
			</fieldset>
		</fields>
	</config>
</extension>
