<?xml version="1.0" encoding="utf-8"?>
<extension version="3.0" type="plugin" group="editors-xtd">
	<name>plg_editors-xtd_tmrating</name>
	<creationDate>November 2012</creationDate>
	<author>Joomplace Team</author>
    <authorEmail>support@joomplace.com</authorEmail>
    <authorUrl>www.joomplace.com</authorUrl>
    <copyright>(C) JoomPlace, www.joomplace.com</copyright>
    <license>GNU/GPL http://www.gnu.org/copyleft/gpl.html</license>
    <version>1.7.1 (build 004)</version>
	<description>PLG_TMRATING_XML_DESCRIPTION</description>
	<files>
		<filename plugin="tmrating">tmrating.php</filename>
		<filename>index.html</filename>
	</files>
	   <languages>
		<language tag="en-GB">language/en-GB/en-GB.plg_editors-xtd_tmrating.sys.ini</language>
		<language tag="en-GB">language/en-GB/en-GB.plg_editors-xtd_tmrating.ini</language>
	</languages>
</extension>
