<?xml version="1.0" encoding="utf-8"?>
<extension type="component" version="3.1" method="upgrade">
	<name>com_checkin</name>
	<author>Joomla! Project</author>
	<copyright>(C) 2005 - 2008 Open Source Matters. All rights reserved.
	</copyright>
	<license>http://www.gnu.org/licenses/gpl-2.0.html
		GNU/GPL</license>
	<authorEmail>admin@joomla.org</authorEmail>
	<authorUrl>www.joomla.org</authorUrl>
	<version>3.0.0</version>
	<description>COM_CHECKIN_XML_DESCRIPTION</description>
	<administration>
		<files folder="admin">
			<filename>checkin.php</filename>
			<filename>config.xml</filename>
			<filename>controller.php</filename>
			<filename>index.html</filename>
			<folder>models</folder>
			<folder>views</folder>
		</files>
		<languages folder="admin">
			<language tag="en-GB">language/en-GB.com_checkin.ini</language>
			<language tag="en-GB">language/en-GB.com_checkin.sys.ini</language>
		</languages>
	</administration>
</extension>
