<?xml version="1.0" encoding="utf-8"?>
<extension
	type="module"
	version="3.1"
	client="administrator">
	<name>mod_popular</name>
	<author>Joomla! Project</author>
	<creationDate>July 2004</creationDate>
	<copyright>Copyright (C) 2005 - 2013 Open Source Matters. All rights reserved.</copyright>
	<license>GNU General Public License version 2 or later; see LICENSE.txt</license>
	<authorEmail>admin@joomla.org</authorEmail>
	<authorUrl>www.joomla.org</authorUrl>
	<version>3.0.0</version>
	<description>MOD_POPULAR_XML_DESCRIPTION</description>
	<files>
		<filename module="mod_popular">mod_popular.php</filename>
		<filename>helper.php</filename>
		<filename>index.html</filename>
		<folder>tmpl</folder>
	</files>
	<languages>
		<language tag="en-GB">en-GB.mod_popular.ini</language>
		<language tag="en-GB">en-GB.mod_popular.sys.ini</language>
	</languages>
	<help key="JHELP_EXTENSIONS_MODULE_MANAGER_ADMIN_POPULAR" />
	<config>
		<fields name="params">
			<fieldset name="basic">
				<field
					name="count"
					type="text"
					default="5"
					label="MOD_POPULAR_FIELD_COUNT_LABEL"
					description="MOD_POPULAR_FIELD_COUNT_DESC" />
				<field
					id="catid"
					name="catid"
					type="category"
					extension="com_content"
					label="JCATEGORY"
					description="MOD_POPULAR_FIELD_CATEGORY_DESC"
					default=""
					class="inputbox">
					<option
						value="">JOPTION_ANY_CATEGORY</option>
				</field>
				<field
					name="user_id"
					type="list"
					default="0"
					label="MOD_POPULAR_FIELD_AUTHORS_LABEL"
					description="MOD_POPULAR_FIELD_AUTHORS_DESC">
					<option
						value="0">MOD_POPULAR_FIELD_VALUE_ANYONE</option>
					<option
						value="by_me">MOD_POPULAR_FIELD_VALUE_ADDED_OR_MODIFIED_BY_ME</option>
					<option
						value="not_me">MOD_POPULAR_FIELD_VALUE_NOT_ADDED_OR_MODIFIED_BY_ME</option>
				</field>
			</fieldset>
			<fieldset
				name="advanced">
				<field
					name="layout"
					type="modulelayout"
					label="JFIELD_ALT_LAYOUT_LABEL"
					description="JFIELD_ALT_MODULE_LAYOUT_DESC" />

				<field
					name="moduleclass_sfx"
					type="textarea" rows="3"
					label="COM_MODULES_FIELD_MODULECLASS_SFX_LABEL"
					description="COM_MODULES_FIELD_MODULECLASS_SFX_DESC" />

				<field
					name="cache"
					type="list"
					default="0"
					label="COM_MODULES_FIELD_CACHING_LABEL"
					description="COM_MODULES_FIELD_CACHING_DESC">
					<option
						value="0">COM_MODULES_FIELD_VALUE_NOCACHING</option>
				</field>

				<field
					name="automatic_title"
					type="radio"
					class="btn-group"
					default="0"
					label="COM_MODULES_FIELD_AUTOMATIC_TITLE_LABEL"
					description="COM_MODULES_FIELD_AUTOMATIC_TITLE_DESC">
					<option
						value="0">JNO</option>
					<option
						value="1">JYES</option>
				</field>
			</fieldset>
		</fields>
	</config>
</extension>
