<?xml version="1.0" encoding="utf-8"?>
<extension type="module" version="3.0.0" method="upgrade">
	<name>JoomlaLMS Courses</name>
	<author>JoomlaLMS Team</author>
	<creationDate>February 2012</creationDate>
	<copyright>Copyright (C) 2006 - 2012 JoomlaLMS. All rights reserved.</copyright>
	<license>http://www.joomlalms.com/disclaimer-license-agreement.html</license>
	<authorEmail>support@joomlalms.com</authorEmail>
	<authorUrl>www.joomlalms.com</authorUrl>
	<version>1.3.0</version>
	<description>MOD_LMS_COURSES_DESC</description>
	<files>		
		<filename module="mod_lms_courses">mod_lms_courses.php</filename>		
		<filename>mod_lms_courses.xml</filename>		
		<filename>index.html</filename>		
		<folder>language</folder>
		<folder>imgs</folder>
	</files>	
	<config>
		<fields name="params">
			<fieldset name="basic">
				<field
					name="class_sfx"
					type="text"					
					default=""			
					label="Menu Class Suffix"
					description="A suffix to be applied to the css class of the menu items" >					
				</field>
				<field
					name="moduleclass_sfx"
					type="text"					
					default=""			
					label="Module Class Suffix."
					description="A suffix to be applied to the css class of the module (table.moduletable), this allows individual module styling" >			
				</field>
				<field
					name="link"
					type="text"					
					default=""			
					label="Link to subscription page."
					description="Input the link to the subscription page here. You can use {Itemid} and {course_id} templates for JoomlaLMS Itemid and id of the course to subscribe. The default value is: index.php?option=com_joomla_lms&amp;Itemid={Itemid}&amp;task=subscription&amp;id={course_id}&amp;after_reg=1. Leave this field blank to use the default value." >	
					<option value="0">No</option>
					<option value="1">Yes</option>		
				</field>					
				<field
					name="allavailablecourses"
					class="btn-group"
					type="radio"					
					default="1"			
					label="Show all LMS courses?"
					description="" >	
					<option value="0">No</option>
					<option value="1">Yes</option>		
				</field>
				<field
					name="teachercourses"
					class="btn-group"
					type="radio"					
					default="1"			
					label="Show teacher courses?"
					description="" >	
					<option value="0">No</option>
					<option value="1">Yes</option>		
				</field>
				<field
					name="learnercourses"
					class="btn-group"
					type="radio"					
					default="1"			
					label="Show learner courses?"
					description="" >	
					<option value="0">No</option>
					<option value="1">Yes</option>		
				</field>
				<field
					name="lifecourse"
					class="btn-group"
					type="radio"					
					default="1"			
					label="Show lifetime courses?"
					description="" >	
					<option value="0">No</option>
					<option value="1">Yes</option>		
				</field>
				<field
					name="timecolumn"
					class="btn-group"
					type="radio"					
					default="1"			
					label="Show course subscription expiration?"
					description="" >	
					<option value="0">No</option>
					<option value="1">Yes</option>		
				</field>
				<field
					name="maxcourses"
					type="text"					
					default="10"			
					label="Max. number of courses to show"
					description="" >							
				</field>
				<field
					name="maxsymbols"
					type="text"					
					default="0"			
					label="Max. number of symbols in the course name"
					description="" >							
				</field>				
				<field
					name="menulist"
					type="list"					
					default="0"
					size="10"
					label="How to show list of courses?"
					description="" >
					<option value="0">List</option>
					<option value="1">Legacy - Vertical</option>
					<option value="2">Legacy - Horizontal</option>
					<option value="3">Legacy - Flat List</option>									
				</field>
			</fieldset>
		</fields>
	</config>
</extension>
